panchayat_id,panchayat_latitude,panchayat_longitude,weather_grid_latitude,weather_grid_longitude,distance_km
TN_NIL_OOTY_01,11.4102,76.695,11.425,76.675,2.73
TN_NIL_OOTY_02,11.5218,76.6712,11.525,76.675,0.55
TN_NIL_OOTY_03,11.3619,76.6783,11.375,76.675,1.5
TN_NIL_OOTY_04,11.3714,76.7364,11.375,76.725,1.31
TN_NIL_OOTY_05,11.3411,76.7621,11.325,76.775,2.28
TN_NIL_OOTY_06,11.4872,76.7118,11.475,76.725,1.98
TN_NIL_OOTY_07,11.4583,76.7321,11.475,76.725,2.01
TN_NIL_OOTY_08,11.4921,76.7542,11.475,76.775,2.96
TN_NIL_OOTY_09,11.4391,76.8123,11.425,76.825,2.09
TN_NIL_CNR_01,11.353,76.7959,11.375,76.775,3.34
TN_NIL_CNR_02,11.3321,76.8042,11.325,76.825,2.4
TN_NIL_CNR_03,11.3642,76.7725,11.375,76.775,1.23
TN_NIL_CNR_04,11.3125,76.8251,11.325,76.825,1.39
TN_NIL_CNR_05,11.3421,76.7821,11.325,76.775,2.05
TN_NIL_CNR_06,11.3621,76.7612,11.375,76.775,2.08
TN_NIL_CNR_07,11.3312,76.8521,11.325,76.875,2.59
TN_NIL_KTG_01,11.423,76.866,11.425,76.875,1.01
TN_NIL_KTG_02,11.4421,76.9012,11.425,76.925,3.22
TN_NIL_KTG_03,11.5121,76.9082,11.525,76.925,2.33
TN_NIL_KTG_04,11.4621,76.8921,11.475,76.875,2.35
TN_NIL_KTG_05,11.3792,76.7721,11.375,76.775,0.56
TN_NIL_KTG_06,11.3821,76.9321,11.375,76.925,1.11
TN_NIL_GDL_01,11.5034,76.4912,11.525,76.475,2.98
TN_NIL_GDL_02,11.5421,76.4215,11.525,76.425,1.94
TN_NIL_GDL_03,11.5218,76.3812,11.525,76.375,0.76
TN_NIL_GDL_04,11.4821,76.3621,11.475,76.375,1.61
TN_NIL_GDL_05,11.4921,76.4421,11.475,76.425,2.66
TN_NIL_GDL_06,11.5721,76.6421,11.575,76.625,1.89
TN_NIL_KND_01,11.3125,76.6821,11.325,76.675,1.59
TN_NIL_KND_02,11.2612,76.6215,11.275,76.625,1.58
TN_NIL_KND_03,11.2821,76.6521,11.275,76.675,2.62
