panchayat_id,name,block_id,block_name,district,state,latitude,longitude,elevation_m,slope_deg,aspect_deg,ruggedness,coastal_distance_km,land_use,cropland_fraction,forest_fraction,grassland_fraction,builtup_fraction,water_fraction,soil_moisture,ndvi,climate_zone
TN_NIL_OOTY_01,Udhagamandalam (Ooty),BLK_OOTY,Udhagamandalam,Nilgiris,Tamil Nadu,11.4102,76.695,2233.6,3.39,211.62,4.59,100.69,Built-up,0.116,0.226,0.107,0.55,0.0,SOURCE_PENDING,0.193,Cfb / Cwb (Subtropical Highland Montane)
TN_NIL_OOTY_02,Sholur Grama Panchayat,BLK_OOTY,Udhagamandalam,Nilgiris,Tamil Nadu,11.5218,76.6712,1171.3,21.77,269.74,10.79,103.87,Tree cover / Forest,0.0,0.52,0.48,0.0,0.0,SOURCE_PENDING,0.5,Cwb / Am (Sub-Montane Transitional)
TN_NIL_OOTY_03,Nanjanad Grama Panchayat,BLK_OOTY,Udhagamandalam,Nilgiris,Tamil Nadu,11.3619,76.6783,2152.5,17.42,314.83,9.28,97.02,Tree cover / Forest,0.058,0.7,0.236,0.005,0.0,SOURCE_PENDING,0.783,Cfb / Cwb (Subtropical Highland Montane)
TN_NIL_OOTY_04,Ketti Town Panchayat,BLK_OOTY,Udhagamandalam,Nilgiris,Tamil Nadu,11.3714,76.7364,2013.6,6.86,144.21,3.83,103.34,Tree cover / Forest,0.117,0.536,0.287,0.049,0.0,SOURCE_PENDING,0.677,Cfb / Cwb (Subtropical Highland Montane)
TN_NIL_OOTY_05,Adikaratti Town Panchayat,BLK_OOTY,Udhagamandalam,Nilgiris,Tamil Nadu,11.3411,76.7621,1805.4,3.22,33.67,4.34,104.92,Grassland,0.018,0.347,0.624,0.011,0.0,SOURCE_PENDING,0.566,Cfb / Cwb (Subtropical Highland Montane)
TN_NIL_OOTY_06,Hullathy Grama Panchayat,BLK_OOTY,Udhagamandalam,Nilgiris,Tamil Nadu,11.4872,76.7118,1935.4,14.53,227.59,6.89,105.95,Tree cover / Forest,0.024,0.558,0.418,0.0,0.0,SOURCE_PENDING,0.604,Cfb / Cwb (Subtropical Highland Montane)
TN_NIL_OOTY_07,Thummanatty Grama Panchayat,BLK_OOTY,Udhagamandalam,Nilgiris,Tamil Nadu,11.4583,76.7321,1924.6,5.92,252.75,3.12,106.55,Grassland,0.135,0.296,0.469,0.1,0.0,SOURCE_PENDING,0.13,Cfb / Cwb (Subtropical Highland Montane)
TN_NIL_OOTY_08,Ebbanad Grama Panchayat,BLK_OOTY,Udhagamandalam,Nilgiris,Tamil Nadu,11.4921,76.7542,1683.3,38.58,222.11,24.81,110.33,Tree cover / Forest,0.0,0.532,0.467,0.0,0.0,SOURCE_PENDING,0.441,Cfb / Cwb (Subtropical Highland Montane)
TN_NIL_OOTY_09,Kookalthorai Grama Panchayat,BLK_OOTY,Udhagamandalam,Nilgiris,Tamil Nadu,11.4391,76.8123,1851.3,13.55,145.12,6.99,113.74,Tree cover / Forest,0.006,0.86,0.129,0.005,0.0,SOURCE_PENDING,0.684,Cfb / Cwb (Subtropical Highland Montane)
TN_NIL_CNR_01,Coonoor Municipality,BLK_COONOOR,Coonoor,Nilgiris,Tamil Nadu,11.353,76.7959,1835.3,15.02,201.95,7.53,108.84,Tree cover / Forest,0.002,0.513,0.112,0.371,0.0,SOURCE_PENDING,0.598,Cfb / Cwb (Subtropical Highland Montane)
TN_NIL_CNR_02,Hulical Town Panchayat,BLK_COONOOR,Coonoor,Nilgiris,Tamil Nadu,11.3321,76.8042,1501.5,11.31,30.81,5.97,109.03,Tree cover / Forest,0.001,0.892,0.101,0.006,0.0,SOURCE_PENDING,0.806,Cwb / Am (Sub-Montane Transitional)
TN_NIL_CNR_03,Yedapalli Grama Panchayat,BLK_COONOOR,Coonoor,Nilgiris,Tamil Nadu,11.3642,76.7725,1923.1,18.08,23.28,9.35,106.79,Tree cover / Forest,0.01,0.469,0.145,0.375,0.0,SOURCE_PENDING,0.681,Cfb / Cwb (Subtropical Highland Montane)
TN_NIL_CNR_04,Melur Grama Panchayat,BLK_COONOOR,Coonoor,Nilgiris,Tamil Nadu,11.3125,76.8251,1645.4,48.63,143.94,29.45,110.65,Tree cover / Forest,0.0,0.742,0.258,0.0,0.0,SOURCE_PENDING,0.552,Cfb / Cwb (Subtropical Highland Montane)
TN_NIL_CNR_05,Bandishola Village,BLK_COONOOR,Coonoor,Nilgiris,Tamil Nadu,11.3421,76.7821,1777.6,8.67,54.05,4.24,107.04,Grassland,0.011,0.444,0.463,0.079,0.0,SOURCE_PENDING,0.739,Cfb / Cwb (Subtropical Highland Montane)
TN_NIL_CNR_06,Hubbathala Grama Panchayat,BLK_COONOOR,Coonoor,Nilgiris,Tamil Nadu,11.3621,76.7612,1935.9,10.65,349.06,5.15,105.55,Tree cover / Forest,0.002,0.798,0.117,0.082,0.0,SOURCE_PENDING,0.709,Cfb / Cwb (Subtropical Highland Montane)
TN_NIL_CNR_07,Burliar Grama Panchayat,BLK_COONOOR,Coonoor,Nilgiris,Tamil Nadu,11.3312,76.8521,782.4,35.55,304.37,19.74,114.03,Tree cover / Forest,0.0,1.0,0.0,0.0,0.0,SOURCE_PENDING,0.705,Cwb / Am (Sub-Montane Transitional)
TN_NIL_KTG_01,Kotagiri Town Panchayat,BLK_KOTAGIRI,Kotagiri,Nilgiris,Tamil Nadu,11.423,76.866,1954.1,3.7,36.03,2.35,118.57,Built-up,0.001,0.397,0.18,0.422,0.0,SOURCE_PENDING,0.299,Cfb / Cwb (Subtropical Highland Montane)
TN_NIL_KTG_02,Nedugula Grama Panchayat,BLK_KOTAGIRI,Kotagiri,Nilgiris,Tamil Nadu,11.4421,76.9012,1650.9,9.82,150.12,5.35,122.91,Tree cover / Forest,0.001,0.793,0.159,0.048,0.0,SOURCE_PENDING,0.189,Cfb / Cwb (Subtropical Highland Montane)
TN_NIL_KTG_03,Kodanad Grama Panchayat,BLK_KOTAGIRI,Kotagiri,Nilgiris,Tamil Nadu,11.5121,76.9082,1827.1,19.73,58.03,9.68,126.51,Tree cover / Forest,0.017,0.82,0.162,0.002,0.0,SOURCE_PENDING,0.787,Cfb / Cwb (Subtropical Highland Montane)
TN_NIL_KTG_04,Denad Grama Panchayat,BLK_KOTAGIRI,Kotagiri,Nilgiris,Tamil Nadu,11.4621,76.8921,1943.0,19.53,276.0,10.05,122.77,Grassland,0.091,0.401,0.47,0.037,0.0,SOURCE_PENDING,0.605,Cfb / Cwb (Subtropical Highland Montane)
TN_NIL_KTG_05,Jagathala Town Panchayat,BLK_KOTAGIRI,Kotagiri,Nilgiris,Tamil Nadu,11.3792,76.7721,1810.5,17.75,335.23,8.15,107.3,Grassland,0.075,0.374,0.449,0.099,0.0,SOURCE_PENDING,0.737,Cfb / Cwb (Subtropical Highland Montane)
TN_NIL_KTG_06,Kunjapanai Grama Panchayat,BLK_KOTAGIRI,Kotagiri,Nilgiris,Tamil Nadu,11.3821,76.9321,1058.4,26.84,229.8,14.48,123.98,Tree cover / Forest,0.0,0.948,0.052,0.0,0.0,SOURCE_PENDING,0.55,Aw / BSh (Tropical Savanna / Rainshadow Foothills)
TN_NIL_GDL_01,Gudalur Municipality,BLK_GUDALUR,Gudalur,Nilgiris,Tamil Nadu,11.5034,76.4912,944.6,12.52,4.53,5.8,85.1,Built-up,0.029,0.421,0.052,0.495,0.0,SOURCE_PENDING,0.166,Am (Tropical Monsoon / Wet Western Escarpment)
TN_NIL_GDL_02,Devarshola Town Panchayat,BLK_GUDALUR,Gudalur,Nilgiris,Tamil Nadu,11.5421,76.4215,1020.4,12.12,27.62,5.71,78.63,Tree cover / Forest,0.0,0.978,0.02,0.002,0.0,SOURCE_PENDING,0.0,Am (Tropical Monsoon / Wet Western Escarpment)
TN_NIL_GDL_03,Nelliyalam Municipality,BLK_GUDALUR,Gudalur,Nilgiris,Tamil Nadu,11.5218,76.3812,1008.7,23.95,53.0,11.99,73.82,Tree cover / Forest,0.0,0.829,0.171,0.0,0.0,SOURCE_PENDING,0.0,Am (Tropical Monsoon / Wet Western Escarpment)
TN_NIL_GDL_04,Pandalur Town Panchayat,BLK_GUDALUR,Gudalur,Nilgiris,Tamil Nadu,11.4821,76.3621,1123.3,31.14,222.19,15.89,70.84,Tree cover / Forest,0.0,0.607,0.392,0.0,0.0,SOURCE_PENDING,0.0,Am (Tropical Monsoon / Wet Western Escarpment)
TN_NIL_GDL_05,Sreemadurai Grama Panchayat,BLK_GUDALUR,Gudalur,Nilgiris,Tamil Nadu,11.4921,76.4421,891.5,12.54,300.7,6.5,79.62,Tree cover / Forest,0.024,0.845,0.118,0.013,0.0,SOURCE_PENDING,0.0,Am (Tropical Monsoon / Wet Western Escarpment)
TN_NIL_GDL_06,Masinagudi Grama Panchayat,BLK_GUDALUR,Gudalur,Nilgiris,Tamil Nadu,11.5721,76.6421,937.5,5.29,357.82,3.06,102.77,Grassland,0.055,0.214,0.534,0.196,0.001,SOURCE_PENDING,0.389,Aw / BSh (Tropical Savanna / Rainshadow Foothills)
TN_NIL_KND_01,Bikketti Town Panchayat,BLK_KUNDAH,Kundah,Nilgiris,Tamil Nadu,11.3125,76.6821,1991.9,18.09,320.08,10.58,95.65,Tree cover / Forest,0.0,0.9,0.096,0.004,0.0,SOURCE_PENDING,0.735,Cfb / Cwb (Subtropical Highland Montane)
TN_NIL_KND_02,Kil Kundah Town Panchayat,BLK_KUNDAH,Kundah,Nilgiris,Tamil Nadu,11.2612,76.6215,1798.8,17.96,34.41,8.91,87.72,Tree cover / Forest,0.039,0.602,0.344,0.016,0.0,SOURCE_PENDING,0.692,Cfb / Cwb (Subtropical Highland Montane)
TN_NIL_KND_03,Mulligoor Grama Panchayat,BLK_KUNDAH,Kundah,Nilgiris,Tamil Nadu,11.2821,76.6521,1654.9,26.32,279.36,14.29,91.56,Tree cover / Forest,0.0,0.555,0.321,0.055,0.066,SOURCE_PENDING,0.659,Cfb / Cwb (Subtropical Highland Montane)
